{"cameraMode":{"drawMode":0,"name":"Shaded","section":"Shading Mode"},"sceneLighting":false,"audioPlay":false,"sceneViewState":{"m_AlwaysRefresh":false,"showFog":true,"showSkybox":false,"showFlares":true,"showImageEffects":false,"showParticleSystems":true,"showVisualEffectGraphs":true,"m_FxEnabled":true},"in2DMode":false,"pivot":{"x":0.47926566004753115,"y":0.9990963935852051,"z":0.8155992031097412},"rotation":{"x":-0.12568877637386323,"y":0.7953484058380127,"z":-0.17650431394577027,"w":-0.5661290884017944},"size":2.200106620788574,"orthographic":false}