{"cameraMode":{"drawMode":0,"name":"Shaded","section":"Shading Mode"},"sceneLighting":false,"audioPlay":false,"sceneViewState":{"m_AlwaysRefresh":false,"showFog":true,"showSkybox":false,"showFlares":true,"showImageEffects":false,"showParticleSystems":true,"showVisualEffectGraphs":true,"m_FxEnabled":true},"in2DMode":false,"pivot":{"x":0.36215800046920779,"y":0.4826148748397827,"z":0.36852800846099856},"rotation":{"x":0.020147128030657769,"y":-0.9692217707633972,"z":0.23042376339435578,"w":0.08454295992851258},"size":0.8411786556243897,"orthographic":false}